68552 Sachs Alley,Springfield,Massachusetts
79704 Waywood Alley,Little Rock,Arkansas
6221 Rusk Street,Sioux City,Iowa
44 Hauk Place,Beaumont,Texas
890 Oak Valley Plaza,Columbus,Ohio
10 Hintze Lane,Orange,California
921 Roxbury Plaza,Brooklyn,New York
6750 Clyde Gallagher Alley,Dayton,Ohio
12 Stone Corner Way,Kansas City,Missouri
15845 Londonderry Point,Columbia,South Carolina
356 Burrows Street,Evanston,Illinois
99426 Commercial Pass,Little Rock,Arkansas
76 Donald Point,Lubbock,Texas
8 Gale Alley,San Francisco,California
4 East Alley,Boston,Massachusetts
5311 Mallard Plaza,Cincinnati,Ohio
7 Cascade Pass,Shreveport,Louisiana
217 Stuart Center,Albany,New York
80061 Ridgeview Trail,Lexington,Kentucky
00 Almo Junction,Richmond,Virginia
000 Kinsman Way,Zephyrhills,Florida
969 Northland Parkway,Atlanta,Georgia
57 Mifflin Street,Longview,Texas
305 Blackbird Place,Charleston,West Virginia
9011 Sage Place,Charleston,West Virginia
55024 Roxbury Trail,Austin,Texas
387 Grim Court,Tacoma,Washington
3 Northland Park,Kansas City,Missouri
255 Porter Circle,Santa Fe,New Mexico
23814 Ronald Regan Way,Raleigh,North Carolina
07 Pierstorff Pass,Washington,District of Columbia
45455 Luster Court,Amarillo,Texas
4 Grover Alley,Seattle,Washington
212 Portage Point,Miami,Florida
360 Springview Hill,Washington,District of Columbia
2 Porter Plaza,Southfield,Michigan
6537 Montana Drive,Gulfport,Mississippi
517 Graedel Parkway,Ventura,California
56 Eastwood Trail,Bradenton,Florida
95 Mockingbird Terrace,Chicago,Illinois
22 Spohn Road,Northridge,California
94783 Kim Avenue,Fort Smith,Arkansas
7663 Monica Point,Jacksonville,Florida
2303 Mayfield Alley,Lexington,Kentucky
123 Marquette Street,Seattle,Washington
37447 Main Street,Fresno,California
2113 Blaine Way,Brea,California
26 Larry Point,Bakersfield,California
4 Cody Terrace,Topeka,Kansas
781 Sloan Way,Englewood,Colorado
24 Dorton Plaza,Champaign,Illinois
7 Straubel Circle,Wilkes Barre,Pennsylvania
339 Norway Maple Crossing,Oklahoma City,Oklahoma
67777 Golf Lane,Springfield,Massachusetts
67419 Lunder Terrace,Minneapolis,Minnesota
8 Vidon Road,El Paso,Texas
7 Northport Terrace,Mesa,Arizona
89 3rd Drive,Lima,Ohio
4 Porter Alley,Anaheim,California
965 Westport Pass,Birmingham,Alabama
3 Eagan Circle,Killeen,Texas
1683 Bashford Place,Fort Wayne,Indiana
737 Ramsey Point,Decatur,Georgia
9 Duke Place,Littleton,Colorado
632 Elka Circle,Fort Wayne,Indiana
1136 Anthes Street,Grand Rapids,Michigan
0017 Debra Pass,Tulsa,Oklahoma
80001 Waywood Court,El Paso,Texas
43511 Sunfield Court,Riverside,California
58234 Kensington Plaza,Dallas,Texas
69831 Debs Court,Fort Wayne,Indiana
732 Hoffman Avenue,Norfolk,Virginia
513 Fair Oaks Road,Jersey City,New Jersey
973 Maple Road,Spartanburg,South Carolina
56 Acker Alley,Washington,District of Columbia
08 Jenifer Crossing,Miami,Florida
52130 Erie Place,Pittsburgh,Pennsylvania
9 American Way,Oxnard,California
517 Brickson Park Lane,Bridgeport,Connecticut
260 High Crossing Terrace,Tucson,Arizona
80360 Ramsey Lane,Phoenix,Arizona
3 Sullivan Point,Detroit,Michigan
55046 Lyons Road,Worcester,Massachusetts
4476 Ridgeview Pass,Laredo,Texas
8118 Heath Lane,Baton Rouge,Louisiana
3039 Monterey Plaza,Tallahassee,Florida
6 Forster Avenue,Salt Lake City,Utah
412 Little Fleur Center,Charleston,West Virginia
99633 Logan Junction,Milwaukee,Wisconsin
814 Oakridge Junction,Huntsville,Alabama
9 Schiller Place,Topeka,Kansas
60 Aberg Court,Iowa City,Iowa
184 Kennedy Junction,Jamaica,New York
2836 Riverside Parkway,San Antonio,Texas
02 Ronald Regan Way,Sacramento,California
877 Hauk Lane,Pittsburgh,Pennsylvania
95381 Cody Plaza,North Port,Florida
982 Barnett Center,Indianapolis,Indiana
4993 Hallows Court,Chula Vista,California
7604 Bay Lane,Waco,Texas
47 Jay Alley,Cleveland,Ohio
056 Aberg Lane,Grand Rapids,Michigan
6661 La Follette Point,San Luis Obispo,California
11800 Hansons Crossing,Tulsa,Oklahoma
2561 Autumn Leaf Junction,Oklahoma City,Oklahoma
38084 Sundown Way,Charleston,West Virginia
49563 Orin Point,Philadelphia,Pennsylvania
63821 Hauk Way,Boston,Massachusetts
35 Park Meadow Crossing,Colorado Springs,Colorado
07 Stuart Alley,Sandy,Utah
84 Monica Crossing,Visalia,California
09 Chive Way,Albany,New York
085 Stuart Plaza,Dayton,Ohio
71081 Moland Junction,Pasadena,California
0 Dennis Plaza,Fort Worth,Texas
902 Ramsey Hill,Toledo,Ohio
403 Emmet Drive,Atlanta,Georgia
848 Golden Leaf Circle,Omaha,Nebraska
8061 Mccormick Circle,Louisville,Kentucky
151 4th Street,Sparks,Nevada
803 Spohn Crossing,San Jose,California
62 Manufacturers Terrace,Inglewood,California
698 Merchant Crossing,Dallas,Texas
6 Monica Avenue,Phoenix,Arizona
0668 Fairfield Plaza,Orlando,Florida
21612 Commercial Circle,Greenville,South Carolina
36 Sage Pass,Akron,Ohio
13 Pleasure Drive,Omaha,Nebraska
89401 Colorado Street,Norwalk,Connecticut
88 Tomscot Place,Dallas,Texas
73 Bluestem Pass,Pittsburgh,Pennsylvania
2907 Clemons Parkway,Washington,District of Columbia
9736 Clove Circle,Sacramento,California
4571 Harper Alley,Jackson,Mississippi
11 Dexter Plaza,Scottsdale,Arizona
8354 Fallview Road,Los Angeles,California
79 Fairfield Court,Omaha,Nebraska
1 Straubel Junction,Dayton,Ohio
57871 Briar Crest Parkway,Jackson,Mississippi
0 Shoshone Way,Houston,Texas
880 Vermont Crossing,Lincoln,Nebraska
18746 Dottie Plaza,Berkeley,California
3 Prairieview Lane,Austin,Texas
9139 Green Ridge Terrace,Dallas,Texas
4 Butternut Drive,Salt Lake City,Utah
472 Michigan Court,Lancaster,California
5449 Debs Avenue,Glendale,California
5105 Oxford Crossing,Greensboro,North Carolina
0 Montana Crossing,Arlington,Texas
28633 Sage Place,Bakersfield,California
68 Pearson Avenue,Orlando,Florida
3 Paget Point,Charleston,South Carolina
127 Brown Junction,Salinas,California
27530 John Wall Park,Cleveland,Ohio
55 Calypso Parkway,Ocala,Florida
419 Barnett Street,New Haven,Connecticut
1 Southridge Center,Atlanta,Georgia
8224 Dwight Park,El Paso,Texas
912 Ridge Oak Terrace,Stamford,Connecticut
4 Roth Point,Gatesville,Texas
30764 Buell Drive,Stockton,California
646 Norway Maple Terrace,Louisville,Kentucky
255 Anthes Point,Memphis,Tennessee
5507 Clyde Gallagher Circle,Panama City,Florida
54403 Mosinee Way,Memphis,Tennessee
814 Spenser Trail,Dulles,Virginia
44719 Spenser Plaza,Washington,District of Columbia
4 Melvin Junction,Manassas,Virginia
73 Bluestem Road,Philadelphia,Pennsylvania
67 Fairview Place,Washington,District of Columbia
77997 Pankratz Place,Portland,Oregon
5758 Nelson Alley,Birmingham,Alabama
48 Prairie Rose Lane,Anchorage,Alaska
22962 Northridge Alley,San Jose,California
909 School Street,Los Angeles,California
8836 Fuller Center,San Antonio,Texas
36 Trailsway Point,Honolulu,Hawaii
3801 Pawling Place,Denver,Colorado
56 Eagle Crest Avenue,Humble,Texas
132 Katie Circle,Lansing,Michigan
2260 Novick Drive,Stockton,California
53953 Forster Hill,Columbia,South Carolina
1398 Hoffman Parkway,Farmington,Michigan
027 Gateway Hill,Oceanside,California
12 Graceland Terrace,Syracuse,New York
71 Amoth Alley,Mobile,Alabama
3 Mcbride Plaza,Philadelphia,Pennsylvania
911 Browning Road,Seminole,Florida
57422 David Center,Tulsa,Oklahoma
296 Claremont Place,Lake Worth,Florida
733 Dryden Drive,Buffalo,New York
61 Buell Parkway,Sunnyvale,California
4 Crest Line Parkway,Sioux City,Iowa
2968 Havey Drive,Louisville,Kentucky
37 Transport Drive,Washington,District of Columbia
553 Hayes Point,Columbus,Ohio
8367 Vera Way,New York City,New York
6574 Claremont Court,Tyler,Texas
7 Oak Valley Parkway,Houston,Texas
68 Kipling Crossing,Tallahassee,Florida
