Acne vulgaris,Acne,"Pimples, blackheads, and whiteheads on the face, neck, and back",true,false,"2"
Alcoholism,Alcohol addiction,"Craving alcohol, inability to stop drinking, withdrawal symptoms",true,false,"7
"
Allergic rhinitis,Hay fever,"Sneezing, runny nose, itchy eyes",true,false,"3
"
Alopecia,Hair Loss,Patchy Hair Loss,true,false,"3
"
Alzheimers disease,AD,"Memory loss, disorientation, mood swings",false,false,"7
"
Amyloidosis,Amyloid Disease,"Fatigue, enlarged tongue, skin changes, joint pain",false,false,"7
"
Anemia,Iron-deficiency anemia,"Fatigue, pale skin, shortness of breath, dizziness",true,false,"3
"
Anorexia nervosa,Anorexia,Loss of appetite or lack of desire to eat despite physiologic stimuli to do so.,true,false,"7
"
Anxiety disorder,Generalized anxiety disorder,Excessive worry or tension,true,false,"7
"
Appendicitis,None,"Abdominal pain, nausea, vomiting, loss of appetite, fever",true,false,"5
"
Asthma,Bronchial asthma,"Wheezing, shortness of breath, chest tightness, coughing",false,false,"7
"
Atherosclerosis,Arterial plaque buildup,"Chest pain, difficulty breathing, leg pain, 8 blood pressure",false,false,"7
"
Attention deficit hyperactivity disorder,ADHD,"Inattention, hyperactivity, impulsivity",false,false,"7
"
Autism spectrum disorder (ASD),Autism,"Delayed speech and language skills, Repetitive behaviors, Lack of interest in socializing and playing with others",false,false,"9
"
Bells palsy,Facial paralysis,"Weakness or paralysis on one side of the face, drooping mouth or eye, drooling, decreased ability to taste, excessive tearing or eye dryness",true,false,"3
"
Bipolar disorder,Manic-depressive illness,"Mood swings, energy shifts, difficulty sleeping, anxiety",false,false,"7
"
Blepharitis,Eyelid infection,"Redness, itchiness, and irritation of the eyelids",true,false,"3
"
Bronchitis,Acute bronchitis,"Cough, chest discomfort, shortness of breath, fever, fatigue","1, 1, 3
",,
Bunions,Hallux valgus,"Pain, swelling, and inflammation around the big toe joint",true,false,"2
"
Burns,Burns,"Pain, redness, blisters, peeling skin",true,false,"3
"
Cancer,Cancer,Uncontrolled growth of abnormal cells,false,false,"9
"
Cataracts,Cloudy vision,"Blurred vision, difficulty seeing at night, double vision, fading colors, frequent prescription changes in eyeglasses or contact lenses","0, 0, 0
",,
Celiac disease,Gluten sensitivity,"Abdominal pain, bloating, diarrhea, constipation",true,false,"5
"
Cerebral Palsy,CP,"Weak muscles, balance problems, poor coordination, spasticity",false,false,"7
"
Chickenpox,Varicella,"itchy rash, fever, headache, fatigue",true,true,"3
"
Chlamydia,Chlamydia infection,"Painful urination, discharge",true,true,"7
"
Chronic fatigue syndrome,Myalgic Encephalomyelitis,"Fatigue, Sleep difficulties, Pain, Headaches, Cognitive dysfunction",false,false,"7
"
Chronic kidney disease,Chronic renal failure,"Fatigue, weakness, nausea, vomiting, restless leg syndrome",false,false,"7
"
Cirrhosis,Liver disease,"Nausea, weight loss, fatigue, jaundice",false,false,"7
"
Colitis,Inflammation of the colon,"Abdominal pain, diarrhea, rectal bleeding",true,false,"7
"
Common cold,Acute viral nasopharyngitis,"Runny nose, sore throat, cough, fever",true,true,"2
"
Concussion,Brain injury,"Headache, dizziness, confusion",true,false,"3
"
Congestive heart failure,Heart failure,"Shortness of breath, swollen legs and feet, fatigue",false,false,"7
"
Conjunctivitis,Pink eye,"Redness, tearing, discharge",true,true,"3
"
Constipation,Difficulty passing stool,"Infrequent bowel movements, difficulty passing stool, abdominal discomfort",true,false,"3
"
Coronary artery disease,Heart Disease,"Chest pain, shortness of breath, fatigue",false,false,"7
"
Crohns disease,Inflammatory Bowel Disease,"Abdominal pain, diarrhea, weight loss, fatigue",false,false,"7
"
Croup,Laryngotracheobronchitis,"Barking cough, hoarseness, difficulty breathing",true,false,"3
"
Cushings Syndrome,Hyperadrenocorticism,"Weight gain, rounding of the face, 8 blood pressure, fatigue, and muscle weakness",false,false,"7
"
Cystic fibrosis,CF,"Thick mucus in lungs and digestive tract, difficulty breathing and digesting",false,false,"7
"
Dehydration,Dehydration,"Symptoms of dehydration may include increased thirst, dry mouth and swollen tongue, weakness and dizziness, palpitations (feeling that the heart is jumping or pounding), confusion, sluggishness or even fainting due to 2 blood pressure",true,false,"2
"
Dementia,Dementia,"Memory loss, mood changes, difficulty communicating",false,false,"7
"
Depression,Major Depressive Disorder,"Persistent sadness, loss of interest in activities, fatigue, feelings of worthlessness or guilt, and difficulty concentrating",true,false,"7
"
Dermatitis,Eczema,"Dry, itchy, red skin",true,false,"2
"
Diabetes mellitus,Diabetes,"Increased thirst, hunger, and urination;fatigue;blurred vision",false,false,"7
"
Diarrhea,Gastroenteritis,"Frequent loose stools, abdominal pain, nausea, vomiting, fever",true,true,"3
"
Diverticulitis,Diverticulitis,"Abdominal pain, bloating, constipation, diarrhea",true,false,"9
"
Down syndrome,Trisomy 21,"Intellectual disability, distinct facial features, poor muscle tone",false,false,"8
"
Dyslexia,Specific Reading Disability,"difficulty reading, spelling and recognizing words",true,false,"8
"
Ear infection,Otitis media,"ear pain, fever, ear drainage",true,true,"3
"
Eczema,Atopic dermatitis,"itchiness, redness, rash, dry and scaly skin",true,false,"2
"
Endometriosis,Endometriosis,"Pelvic pain, infertility, heavy periods, painful periods, pain during or after sex",false,false,"7
"
Epilepsy,Seizure disorder,Repetitive seizures,true,false,"5
"
Erectile dysfunction,Impotence,Difficulty getting or maintaining an erection,true,false,"3
"
Fibromyalgia,Fibromyalgia,"Pain and tender points throughout the body, fatigue, sleep disturbances, headaches, and cognitive difficulties. ",false,false,"5
"
Flat feet,Pes planus,Pain and swelling in arches and heels,true,false,"3
"
Flu,Influenza,"Fever, cough, sore throat, runny or stuffy nose, body aches, headaches, chills, fatigue, sometimes vomiting and diarrhea",true,true,"3
"
Fracture,Broken Bone,"Pain, swelling, inability to move",true,false,"7
"
Frozen shoulder,Adhesive capsulitis,Limited range of motion and pain in the shoulder,true,false,"3
"
Gallstones,Gallstones,"Abdominal pain, nausea, vomiting, fever, jaundice",true,false,"3
"
Gangrene,Necrosis,"Painful swelling, skin discoloration, foul smelling discharge",false,false,"8
"
Gastroesophageal reflux disease,GERD,"Heartburn, chest pain, difficulty swal2ing, regurgitation",true,false,"5
"
Gastrointestinal bleeding,GI Bleeding,"Abdominal pain, black stool, vomiting blood",true,false,"7
"
Glaucoma,Increased Eye Pressure,"Blurred Vision, Eye Pain, Headache, Nausea",false,false,"7
"
Gonorrhea,The Clap,"Painful urination, abnormal discharge",true,true,"3
"
Gout,Gout,"Pain and swelling in joints, especially in the big toe",true,false,"3
"
Graves disease,Hyperthyroidism,"Bulging eyes, weight loss, tremors, anxiety",true,false,"9
"
Guillain-Barre syndrome,GBS,"Muscle weakness, tingling sensations, possible loss of motor function",false,false,"7
"
Hashimotos thyroiditis,,"fatigue, weight gain, constipation, dry skin, depression",false,false,"7
"
Headache,Tension Headache,"Mild to 8 pain and pressure in your head, Difficulty sleeping, Difficulty concentrating",true,false,"3
"
Hearing Loss,Deafness,Difficulty hearing or complete loss of hearing,false,false,"3
"
Heart attack,Myocardial infarction,"Chest pain, shortness of breath, fatigue",false,false,"7
"
Heart disease,Cardiovascular Disease,"Chest pain, shortness of breath, palpitations",false,false,"7
"
Hemorrhoids,Piles,"Painful swelling around the anus, bleeding during bowel movements, itching and discomfort",true,false,"3
"
Hepatitis,Liver Inflammation,"fatigue, nausea, abdominal pain, jaundice",true,true,"3
"
Hernia,Hernia,"Bulge in groin or belly, pain, discomfort, nausea",true,false,"2
"
Herpes,Herpes Simplex Virus,"Painful blisters, itching",false,true,"8
"
High blood pressure,Hypertension,"Headache, shortness of breath, nosebleeds",false,false,"7
"
Hives,Urticaria,Red and itchy welts on the skin,true,false,"2
"
Hutchinson-Gilford progeria syndrome,Progeria,"Premature aging, joint stiffness, hair loss",false,false,"7
"
Hyperthyroidism,Overactive Thyroid,"Weight loss, rapid heartbeat, insomnia, irritability",true,false,"8
"
Hypothyroidism,Underactive thyroid,"Fatigue, weight gain, cold intolerance, constipation, dry skin, hair loss",true,false,"2
"
Impetigo,Impetigo,"Red sores that burst and ooze, forming yel2ish-brown crusts. Easily spreads between people in close contact.",true,true,"2
"
Inflammatory bowel disease (IBD),IBD,"Abdominal pain, diarrhea, rectal bleeding, weight loss",false,false,"7
"
Influenza,Flu,"Fever, cough, sore throat, headache, body aches",true,true,"5
"
Insomnia,Sleeplessness,Difficulty in falling asleep or staying asleep,"1, 0, 2
",,
Irritable bowel syndrome,IBS,"Abdominal pain, cramping, bloating, gas, diarrhea, constipation","0, 0, 3
",,
Jaundice,Hyperbilirubinemia,"Yel2ing of skin and eyes, fatigue, abdominal pain",true,false,"7
"
Kidney stones,Nephrolithiasis,"Painful urination, blood in urine, severe pain in back and side",true,false,"4
"
Laryngitis,Sore Throat,"Hoarseness, difficulty speaking, sore throat, dry cough",true,false,"2
"
Leukemia,Blood Cancer,"Fatigue, Pale Skin, Shortness of Breath, Easy Bruising",false,false,"7
"
Liver cancer,Hepatocellular carcinoma,"Abdominal pain, jaundice, weight loss",false,false,"7
"
Lou Gehrigs disease,ALS,"muscle weakness, trouble speaking and swal2ing",false,false,"7
"
Lyme Disease,Lyme,"Fever, headache, fatigue",true,false,"7
"
Macular degeneration,Age-related macular degeneration,"Blurred or distorted vision, difficulty with reading, and seeing fine details",false,false,"7
"
Malaria,Malaria,"Fever, headache, chills, muscle pain, vomiting, anemia","1, 1, 3
",,
Measles,Rubeola,"Fever, rash, cough, cold-like symptoms",true,true,"7
"
Melanoma,Skin Cancer,"Skin sores that do not heal, pain, itching, bleeding, change in mole appearance",false,false,"7
"
Meningitis,None,"Headache, fever, stiff neck, vomiting, photophobia",false,true,"8
"
Menopause,N/A,"Hot flashes, night sweats, mood swings, vaginal dryness, irregular periods",false,false,"3
"
Migraine,Migraine headache,"Pain on one side of the head, blurred vision, nausea, sensitivity to light and sound",false,false,"7
"
Miscarriage,Spontaneous Abortion,"Vaginal bleeding, cramping, abdominal pain",false,false,"7
"
Mononucleosis,Mono,"fatigue, sore throat, fever, swollen glands",false,false,"7
"
Multiple sclerosis,MS,"Fatigue, numbness, weakness, vision problems, balance problems, and cognitive difficulties",false,false,"7
"
Mumps,Infectious parotitis,"Swelling of the parotid glands, fever, headache, muscle aches, fatigue, loss of appetite",false,true,"8
"
Muscular dystrophy,MD,Muscle weakness and degeneration,false,false,"7
"
Myasthenia gravis,MG,weakness in muscles,true,false,"9
"
Narcolepsy,Excessive Daytime Sleepiness,"Sudden Sleep Episodes, Sleep Paralysis, Cataplexy",false,false,"7
"
Nasal polyps,Nasal polyps,"Nasal congestion, runny nose, postnasal drip, and decreased sense of smell",true,false,"3
"
Nephrotic syndrome,Nephrotic syndrome,"Swelling, proteinuria, hyperlipidemia, 2 albumin levels in blood",false,false,"7
"
Neuralgia,Nerve Pain,"Sharp, stabbing, or burning pain in the nerves",true,false,"7
"
Neurofibromatosis,NF,Development of tumors on nerve tissue,false,false,"9
"
Non-alcoholic fatty liver disease (NAFLD),NAFLD,"Fatigue, pain and swelling in the abdomen, poor appetite, weight loss, and weakness",true,false,"5
"
Obsessive-compulsive disorder,OCD,"repetitive behavior, obsession, anxiety",true,false,"9
"
Osteoporosis,Brittle bone disease,"Fractures, back pain, loss of height, stooped posture",false,false,"7
"
Ovarian cancer,Cancer of the ovaries,"Abdominal pain, bloating, and weight loss",false,false,"7
"
Ovarian cyst,Ovarian cyst,"Abdominal bloating, pelvic pain, pressure on bladder",true,false,"5
"
Overactive bladder,Urinary incontinence,"Frequent urination, strong urge to urinate, involuntary loss of urine",true,false,"3
"
Pagets disease of bone,Osteitis Deformans,"Bone pain, joint pain, and deformities",false,false,"7
"
Pancreatic cancer,Pancreatic cancer,"Weight loss, abdominal pain, jaundice",false,false,"7
"
Panic disorder,Anxiety attack,Sudden and repeated attacks of fear,true,false,"7
"
Parkinsons Disease,PD,"Tremors, rigidity, s2 movement and balance problems",false,false,"7
"
Peptic ulcer,Stomach ulcer,"Stomach pain, indigestion, nausea",true,false,"2
"
Periodontal disease,Gum Disease,"Bleeding gums, bad breath, loose teeth",true,false,"3
"
Peripheral neuropathy,Peripheral neuropathy,"Tingling, burning, or numbness in the hands and feet",false,false,"3
"
Phlebitis,Inflammation of a vein,"Swelling, warmth, and/or redness around the affected area, pain or tenderness in the affected area, skin discoloration around the affected vein",true,false,"3
"
Pneumonia,Community Acquired Pneumonia,"Fever, cough, difficulty breathing, chest pain, fatigue",true,true,"7
"
Polio,Poliomyelitis,"Fever, fatigue, headache, vomiting, neck stiffness, pain in the limbs",false,true,"8
"
Polycystic ovary syndrome,PCOS,"Irregular periods, acne, weight gain, and excessive hair growth",false,false,"7
"
PTSD,Post-traumatic stress disorder,"Flashbacks, nightmares, anxiety, depression",false,false,"7
"
Pregnancy,Gestation,"Missed period, nausea, fatigue, breast tenderness",true,true,"10
"
Premenstrual syndrome,PMS,"Mood swings, bloating, cramps, and headaches",true,false,"2
"
Prostate cancer,Prostate cancer,"Difficulty urinating, frequent urination, blood in semen or urine, pain in the back or hips",false,false,"9
"
Psoriasis,Chronic skin condition,"Red, itchy, scaly patches on the skin",false,false,"7
"
Pulmonary embolism,Blood clot in lung,"Shortness of breath, chest pain, coughing up blood",false,false,"7
"
Rabies,Rabies,"Fever, headache, muscle weakness, tingling, and itching at the site of the bite",false,true,"7
"
Raynauds disease,Raynauds disease,"Cold fingers and toes, color changes in the skin in response to cold or stress",false,false,"9
"
Restless legs syndrome,Willisâ€“Ekbom disease,"Uncontrollable urge to move the legs, sensations of creeping, crawling, tingling, pulling, or aching in the legs",true,false,"3
"
Rheumatoid arthritis,RA,"Joint pain and swelling, stiffness",false,false,"7
"
Ringworm,Dermatophytosis,"Itchy, scaly, or raised areas on the skin",true,true,"3
"
Rosacea,Acne Rosacea,"Redness, flushing, and bumps on the face","0, 0, 2
",,
Rubella,German Measles,"rash, fever, headache",true,true,"3
"
Sarcoidosis,None,"Fatigue, Swollen Lymph Nodes, Shortness of Breath",false,false,"7
"
Scabies,Sarcoptic mange,"Itchy skin, rash, blisters",true,true,"3
"
Schizophrenia,Schizophrenia,"Delusions, Hallucinations, Disordered thinking, Incoherent speech, Disorganized behavior",false,false,"7
"
Scoliosis,Curved Spine,"Back pain, uneven shoulders or hips",false,false,"7
"
Seizures,Epilepsy,"Muscle jerking or stiffness, Loss of consciousness, Confusion, etc.",true,false,"8
"
Septicemia,Blood poisoning,"Fever, chills, rapid breathing, 2 blood pressure, etc.",false,true,"7
"
STIs,Sexually transmitted infections,"Painful urination, abnormal discharge, rash, itching",true,true,"7
"
Shingles,Herpes zoster,"Painful rash, blisters, itching, burning",true,false,"3
"
Sickle cell anemia,SCA,"Pain, fatigue, and jaundice",false,false,"7
"
Sinusitis,Sinus Infection,"Nasal congestion, sinus pressure, headache, fever",true,false,"7
"
Skin cancer,Non-melanoma skin cancer,"Unusual moles, ulcers, red patches, or waxy bumps on the skin.",false,false,"2
"
Sleep apnea,Obstructive Sleep Apnea,"Loud snoring, interrupted breathing during sleep, daytime sleepiness",false,false,"7
"
Smallpox,Variola,"Fever, rash, blisters",false,true,"7
"
Sore throat,Pharyngitis,"Painful, scratchy and dry throat, difficulty swal2ing",true,true,"3
"
Spina bifida,Myelomeningocele,"Visible spinal defect, bladder/bowel control issues, paralysis",false,false,"7
"
Spinal cord injury,SCI,"paralysis, loss of sensation, loss of motor function",false,false,"7
"
Sprains and strains,Muscle Pain,"Swelling, Bruising, Muscle Weakness",true,false,"2
"
Staph infection,Staph,"Painful pus-filled bumps or sores, fever",true,true,"3
"
Stomach cancer,Gastric cancer,"Abdominal pain, nausea, vomiting, weight loss, loss of appetite",false,false,"7
"
Stomach ulcers,Gastric ulcers,"Pain in the upper abdomen, bloating, nausea, and vomiting",true,false,"7
"
Stroke,Cerebrovascular accident,"Numbness/weakness on one side of the body, difficulty speaking or understanding speech, vision problems, severe headache",false,false,"7
"
Substance abuse,Drug addiction,"Cravings, withdrawal symptoms, loss of control",true,false,"4
"
Sunburn,Sunburn,"Red, tender skin that is warm to the touch; Blisters that develop hours to days later",true,false,"1
"
Swine flu,H1N1 influenza,"Fever, cough, sore throat, body aches, headache, chills and fatigue","1, 1, 3
",,
Syphilis,Treponema Pallidum Infection,"Painless sores, skin rash, fever, fatigue, swollen lymph nodes",true,true,"7
"
Temporomandibular joint disorder,TMJ,"Pain or tenderness in the jaw, aching pain in/around ear, difficulty eating or discomfort while eating, general discomfort or tiredness in the face, and difficulty or discomfort opening or closing the mouth",true,false,"7
"
Tetanus,Lockjaw,"muscle stiffness and spasms, fever, sweating",false,false,"7
"
Thalassemia,Cooleyâ€™s anemia,"Fatigue, weakness, pale or yel2ish skin, bone problems, and s2 growth",false,false,"7
"
Thrush,Oral Thrush,"White creamy lesions on tongue, gums, and other parts of the mouth.",true,true,"3
"
Thyroid cancer,Thyroid cancer,"Neck lump, hoarseness, difficulty swal2ing",false,false,"7
"
Tinnitus,Ringing in the ears,Hearing sounds that aren t actually there,false,false,"2
"
Tonsillitis,Sore Throat,"Difficulty Swal2ing, Swollen Tonsils",true,false,"5
"
Tourettes syndrome,Gilles de la Tourette syndrome,"repetitive, involuntary movements and vocalizations",false,false,"9
"
Toxic shock syndrome,TSS,"Fever, vomiting, rash, 2 blood pressure",true,false,"7
"
Tuberculosis (TB),TB,"Coughing, chest pain, fever, fatigue, weight loss",true,true,"7
"
Ulcerative colitis,UC,"Abdominal pain, bloody diarrhea, weight loss, fatigue",false,false,"7
"
Urethritis,Inflammation of the Urethra,"Painful urination, discharge from penis",true,true,"3
"
Urinary incontinence,Bladder leakage,Inability to control bladder,true,false,"3
"
Urinary tract infections,UTIs,"Frequent urge to urinate, Painful urination, Cloudy urine, Blood in the urine, Strong-smelling urine, Pelvic pain, Back pain",true,false,"3
"
Uterine cancer,Endometrial cancer,"Abnormal vaginal bleeding, vaginal discharge, pelvic pain or mass","0, 0, 3
",,
Varicose veins,Varicose veins,"Enlarged, swollen and twisting veins, often dark blue or purple, most commonly found in the legs",true,false,"3
"
Vasculitis,Inflammation of blood vessels,"Fever, fatigue, weight loss, muscle and joint pain, and ulcers on the skin",true,false,"8
"
Vertigo,Dizziness,"Loss of balance, ringing in the ears, spinning sensation",true,false,"3
"
Viral fever,Flu,"Fever, body aches, headache, fatigue, sore throat",true,true,"3
"
Vitamin deficiency,Vitamin deficiency,"Fatigue, weakness, confusion, muscle weakness",true,false,"2
"
West Nile virus,West Nile virus,"Fever, headache, body aches, joint pains, vomiting, diarrhea or rash",false,true,"8
"
Whooping cough,Pertussis,"Coughing fits, makind a whooping sound, vomiting after coughing, exhaustion",false,true,"5
"
Wilsons disease,Hepatolenticular Degeneration,"Cirrhosis, tremors, movement disorders, psychiatric problems",true,false,"7
"
Yeast infection,Candidiasis,"Itching, burning, and discharge",true,false,"2
"
Yel2 fever,Yel2 fever,"Fever, headache, muscle pain, nausea, vomiting, fatigue",false,true,"8
"
Zika Virus,Zika,"Fever, Rash, Joint pain, Muscle pain",false,true,"8
"
Addisons disease,Primary adrenocortical insufficiency,"S2 heartbeat, fatigue, dizziness, weight loss, 2 blood pressure, hyperpigmentation",false,false,"7
"
Ehlers-Danlos Syndrome,EDS,"Joint hypermobility, skin hyperextensibility, and tissue fragility",false,false,7
