"Sterile processing technician,"
"Pharmacy technician,"
"Radiology technologist"
"Laboratory technician,"
"Respiratory therapist,"
"Physical therapist,"
"Occupational therapist,"
"Speech therapist,"
"Physicians Surgeon Nurse,"
"Certified nurse assistant,"
"Nurse practitioner,"
"Physician assistant,"
"Medical assistant,"
"Physical therapist,"
"Occupational therapist,"
"Speech therapist,"
"Respiratory therapist,"
"Dietitian and nutritionist,"
"Pharmacist,"
"Medical laboratory technologist,"
"Medical laboratory technician,"
"Phlebotomist Radiology technologist,"
"Sonographer,"
"Physician assistant,"
"EEG technologist,"
"EKG technician,"