"Facility manager,"
"Biomedical engineer,"
"Patient transport employee,"
"Environmental services employee,"
"Security employee,"
"Food service employee,"
"Laundry and housekeeping employee,"
"Groundskeepers and maintenance employee,"
"Receptionists and front desk employee,"
"Medical coders and biller,"
"Health information management employee,"
"Central supply employee,"
"Purchasing and supply chain employee,"
"Equipment maintenance employee,"
"Medical waste disposal employee,"
"Dietitian and nutritionist,"
"Social worker and case manager,"
"Patient access employee,"
"Admissions and discharge employee,"
"Insurance verification employee,"
"Scheduling and appointment employee,"
"Medical transcriptionist,"
"Medical interpreter,"
"Health educator,"
"Medical librarian,"
"Medical equipment sales representative,"