"Ensures the hospital's services meet hospital's needs,"
"Design equipment and devices like artificial body part replacements for diagnosing medical problems,"
"Transports patient using appropriate equipment and transfer techniques to ensure patient safety,"
"Ensures that the hospital is keeping up with its hygiene to prevent unsafe environments,"
"Secures the physical premise of the hospital to protect all members of the hospital from threats,"
"Responsible for providing food for all members of the hospital,"
"Responsible for keeping up with the need for freshly cleaned laundry and general housekeeping,"
"Maintains the appearance of the hospital,"
"Responsible for greeting all members of the hospital and providing guidance,"
"Responsible for processing patient data including medical records and related insurance,"
"Responsible for providing security and integrity of patient healthcare data to keep HIPPA guidelines,"
"Responsible to sterilizing and keeping up with the inventory of supplies and instruments,"
"Responsible for all of the strategic and tactical processes that go into the purchasing of materials,"
"Responsible for ensuring that equipments are safe and available to use at all times,"
"Responsible for ensuring the safe disposal of any medical waste to prevent biohazardous environments,"
"Responsible for overseeing the admittance and dismissal of patients and visitors from the hospital,"
"Responsible for interviewing patients on admission and obtianing sveral documents with required personal information. Prepares and supplies the patient data to the appropriate hospital departments,"
"Completes daily insurance verification and authorization for prosposed services. Gives an estimated payment due for the patient,"
"Responsible for coordinating appointments for employees and patients,"
"Responsible for using devices to convert voice reordings from physicans and other works into formal reports,"
"Responsible for facilitating the exchange of communication between a patient and a provider as verbatim as possible while making it easy to understand,"
"Resposible for educating people about the availabilty of healthcare services,"
"Responsible for discovering information for the improvement of patient care and medical education,"
"Responsible for promoting medical equipment  and services to a variety of markets but primarily hospitals,"